Cabin and fuselage,,,,,,,,,,,,,,,,,,,,,,,,,,,,,,,,,,,,,,,,
1.,Input data from previous design phases,,,,,,,,,,,,,,,,,,,,,,,,,,,,,,,,,,,,,,,
,,,,,,,,,,,,,,,,,,,,,,,,,,,,,,,,,,,,,,,,
,Reference number of passengers,npax,70,[-],,,,Design Range,R,2500000,[m],,,,,,,,,,,,,,,,,,,,,,,,,,,,,
,,,,,,,,,,,,,,,,,,,,,,,,,,,,,,,,,,,,,,,,
,Cargo mass,mcargo,2004.00,[kg],,,,Maximum take-off mass,mMTO,29765.2,[kg],,,,,,,,,,,,,,,,,,,,,,,,,,,,,
,,,,,,,,,,,,,,,,,,,,,,,,,,,,,,,,,,,,,,,,
,,,,,,,,,,,,,,,,,,,,,,,,,,,,,,,,,,,,,,,,
2.,Configuration of classes,,,,,,,,,,,,,,,,,,,,,,,,,,,,,,,,,,,,,,,
,,,,,,,,,,,,,,,,,,,,,,,,,,,,,,,,,,,,,,,,
,Number of classes,,,,,,,,,,,,,,,,,,,,,,,,,,,,,,,,,,,,,,,
,,,,,,,,,,,,,,,,,,,,,,,,,,,,,old value:,,,,,,,,,,,
,Design range,R,1350,[Nm],,,,Schmitt : number of classes suggestion,nclasses,1,,,,,,,,,,,,,,,1 (YC),2 (FC - YC),2,,2,,,,,,,,,,,
,,,,,,,,,,,,,,,,,,,,,,,,,2 (FC - YC),,,,,,,,,,,,,,,
,Number of classes,nclasses,,,,,,Suggestion,,,,,,,,,,,,,,,,,3 (FC - BC - YC),,,,,,,,,,,,,,,
,,,,,,,,,,,,,,,,,,,,,,,,,,%,1,2,3,,,,,,,,,,,
,"Number of seats, first class","npax, FC",6,[-],,<<<<<,,Schmitt : number of FC seats suggestion,"npax, FC",5,[-],,,,,,,,,,,,,,FC,8,0,8,5,,,,,,,,,,,
,,,,,,,,,,,,,,,,,,,,,,,,,BC,0,0,0,18,,,,,,,,,,,
,"Number of seats, business class","npax, BC",0,[-],,<<<<<,,Schmitt : number of BC seats suggestion,"npax, BC",0,[-],,,,,,,,,,,,,,YC,92,100,92,77,,,,,,,,,,,
,,,,,,,,,,,,,,,,,,,,,,,,,,,,,,,,,,,,,,,,
,"Number of seats, economy class","npax, YC",64,[-],,<<<<<,,Schmitt : number of YC seats suggestion,"npax, YC",64,[-],,,,,,,,,,,,,,,,,,,,,,,,,,,,,
,,,,,,,,,,,,,,,,,,,,,,,,,,,,,,,,,,,,,,,,
,,,,,,,,,,,,,,,,,,,,,,,,,,,,,,,,,,,,,,,,
,Seat rows,,,,,,,,,,,,,,,,,,,,,,,,,,,,,,,,,,,,,,,
,,,,,,,,,,,,,,,,,,,,,,,,,,,,,,,,,,,,,,,,
,Recommandation : average seats abreast,nSA,4,[-],,,,,,,,,,,,,,,,,,,,,,,,,,,,,,,,,,,,
,,,,,,,,,,,,,,,,,,,,,,,,,,,,,,,,,,,,,,,,
,"Number of seats abreast, first class","nSA, FC",3,[-],,>>>>>,,"Number of seat rows, first class","nrows, FC",2,[-],,,,,,,,,,,,,,3,,,,,,,,,,,,,,,
,,,,,,,,"Resulting number of seats, first class",,6,[-],,,,,,,,,,,,,,,,,,,,,,,,,,,,,
,"Number of seats abreast, business class","nSA, BC",5,[-],,>>>>>,,"Number of seat rows, business class","nrows, BC",0,[-],,,,,,,,,,,,,,,,,,,,,,,,,,,,,
,,,,,,,,"Resulting number of seats, business class",,0,[-],,,,,,,,,,,,,,,,,,,,,,,,,,,,,
,"Number of seats abreast, economy class","nSA, YC",4,[-],,>>>>>,,"Number of seat rows, economy class","nrows, YC",16,[-],,,,,,,,,,,,,,,,,,,,,,,,,,,,,
,,,,,,,,"Resulting number of seats, economy class",,64,[-],,,,,,,,,,,,,,,,,,,,,,,,,,,,,
,Check : number of seats,nseats,70,[-],,>>>>>,,Number of seats is correct,,,,,,,,,,,,,,,,,,,,,,,,,,,,,,,,
,,,,,,,,,,,,,,,,,,,,,,,,,,,,,,,,,,,,,,,,
,,,,,,,,,,,,,,,,,,,,,,,,,,,,,,,,,,,,,,,,
,Aisles,,,,,,,,,,,,,,,,,,,,,,,,,,,,,,,,,,,,,,,
,,,,,,,,,,,,,,,,,,,,,,,,,,,,,,old value :,,,,,,,,,,
,Number of aisles,naisles,,[-],,<<<<<,,CS 25.817: Number of aisles,naisles,1 or 2,[-],,,,,,,,,,,,,,4,1,1,1,,1,,,,,,,,,,
,,,,,,,,,,,,,,,,,,,,,,,,,,2,,,,,,,,,,,,,,
,,,,,,,,Number of aisles is correct,,,,,,,,,,,,,,,,,,,,,,,,,,,,,,,,
,,,,,,,,,,,,,,,,,,,,,,,,,,,,,,,,,,,,,,,,
,,,,,,,,,,,,,,,,,,,,,,,,,,,,,,,,,,,,,,,,
3.,Cross section,,,,,,,,,,,,,,,,,,,,,,,,,,,,,,,,,,,,,,,
,,,,,,,,,,,,,,,,,,,,,,,,,,,,,,,,,,,,,,,,
,"Seat dimensions, economy class",,,,,,,,,,,,,,,,,,,,,,,,,[m],,,,,,,,,,,,,,
,,,,,,,,,,,,,,,,,,,,,,,,,,[inch],,,,,,,,,,,,,,
,Cushion width,"wcushion,YC",0.50,[m],,>>>>>,,,"wcushion,YC",0.50,[m],,,,,,,,,,,,,,,,,,,,,,,,,,,,,
,,,,,,,,,,,,,,,,,,,,,,,,,,,,,,,,,,,,,,,,
,Cushion height position,?ycushion,0.42,[m],,>>>>>,,,?ycushion,0.42,[m],,,,,,,,,,,,,,,,,,,,,,,,,,,,,
,,,,,,,,,,,,,,,,,,,,,,,,,,,,,,,,,,,,,,,,
,Cushion thickness,tcushion,0.14,[m],,>>>>>,,,tcushion,0.14,[m],,,,,,,,,,,,,,,,,,,,,,,,,,,,,
,,,,,,,,,,,,,,,,,,,,,,,,,,,,,,,,,,,,,,,,
,Armrest width,"warmrest,YC",0.06,[m],,>>>>>,,,"warmrest,YC",0.06,[m],,,,,,,,,,,,,,,,,,,,,,,,,,,,,
,,,,,,,,,,,,,,,,,,,,,,,,,,,,,,,,,,,,,,,,
,"Armrest height position, top","harmrest,top",0.60,[m],,>>>>>,,,"harmrest,top",0.60,[m],,,,,,,,,,,,,,,,,,,,,,,,,,,,,
,,,,,,,,,,,,,,,,,,,,,,,,,,,,,,,,,,,,,,,,
,"Armrest height position, bottom","harmrest,bottom",0.50,[m],,>>>>>,,,"harmrest,bottom",0.50,[m],,,,,,,,,,,,,,,,,,,,,,,,,,,,,
,,,,,,,,,,,,,,,,,,,,,,,,,,,,,,,,,,,,,,,,
,Backrest height,hbackrest,0.80,[m],,>>>>>,,,hbackrest,0.80,[m],,,,,,,,,,,,,,,,,,,,,,,,,,,,,
,,,,,,,,,,,,,,,,,,,,,,,,,,,,,,,,,,,,,,,,
,Seat length,"lseat,YC",0.43,[m],,>>>>>,,,"lseat,YC",0.43,[m],,,,,,,,,,,,,,,,,,,,,,,,,,,,,
,,,,,,,,,,,,,,,,,,,,,,,,,,,,,,,,,,,,,,,,
,,,,,,,,,,,,,,,,,,,,,,,,,,,,,,,,,,,,,,,,
,"Seat dimensions, First class",,,,,,,,,,,,,,,,,,,,,,,,,,,,,,,,,,,,,,,
,,,,,,,,,,,,,,,,,,,,,,,,,,,,,,,,,,,,,,,,
,Cushion width,"wcushion,FC",0.65,[m],,>>>>>,,,"wcushion,FC",0.65,[m],,,,,,,,,,,,,,,,,,,,,,,,,,,,,
,,,,,,,,,,,,,,,,,,,,,,,,,,,,,,,,,,,,,,,,
,Armrest width,"warmrest,FC",0.07,[m],,>>>>>,,,"warmrest,FC",0.07,[m],,,,,,,,,,,,,,,,,,,,,,,,,,,,,
,,,,,,,,,,,,,,,,,,,,,,,,,,,,,,,,,,,,,,,,
,Seat length,"lseat,FC",0.46,[m],,>>>>>,,,"lseat,FC",0.46,[m],,,,,,,,,,,,,,,,,,,,,,,,,,,,,
,,,,,,,,,,,,,,,,,,,,,,,,,,,,,,,,,,,,,,,,
,,,,,,,,,,,,,,,,,,,,,,,,,,,,,,,,,,,,,,,,
,"Seat dimensions, Business class",,,,,,,,,,,,,,,,,,,,,,,,,,,,,,,,,,,,,,,
,,,,,,,,,,,,,,,,,,,,,,,,,,,,,,,,,,,,,,,,
,Cushion width,"wcushion,BC",0.54,[m],,>>>>>,,,"wcushion,BC",0.54,[m],,,,,,,,,,,,,,,,,,,,,,,,,,,,,
,,,,,,,,,,,,,,,,,,,,,,,,,,,,,,,,,,,,,,,,
,Armrest width,"warmrest,BC",0.05,[m],,>>>>>,,,"warmrest,BC",0.05,[m],,,,,,,,,,,,,,,,,,,,,,,,,,,,,
,,,,,,,,,,,,,,,,,,,,,,,,,,,,,,,,,,,,,,,,
,Seat length,"lseat,BC",0.70,[m],,>>>>>,,,"lseat,BC",0.70,[m],,,,,,,,,,,,,,,,,,,,,,,,,,,,,
,,,,,,,,,,,,,,,,,,,,,,,,,,,,,,,,,,,,,,,,
,,,,,,,,,,,,,,,,,,,,,,,,,,,,,,,,,,,,,,,,
,Passenger dimensions,,,,,,,,,,,,,,,,,,,,,,,,,,,,,,,,,,,,,,,
,,,,,,,,,,,,,,,,,,,,,,,,,,,,,,,,,,,,,,,,
,"Midshoulder height, sitting",?ymidshoulder,0.60,[m],,,,,,,,,,,,,,,,,,,,,,,,,,,,,,,,,,,,
,,,,,,,,,,,,,,,,,,,,,,,,,,,,,,,,,,,,,,,,
,Shoulder breadth,wshoulder,0.48,[m],,,,,,,,,,,,,,,,,,,,,,,,,,,,,,,,,,,,
,,,,,,,,,95% American Male: Body Size of the 40-Year-Old American Male for Year 2000 in One Gravity Conditions,,,,,,,,,,,,,,,,,,,,,,,,,,,,,,,
,"Eye height, sitting",?yeye,0.78,[m],,,,<<<,,,,,,,,,,,,,,,,,,,,,,,,,,,,,,,,
,,,,,,,,,,,,,,,,,,,,,,,,,,,,,,,,,,,,,,,,
,Head to wall clearance,dhw,0.05,[m],,,,,,,,,,,,,,,,,,,,,,,,,,,,,,,,,,,,
,,,,,,,,,,,,,,,,,,,,,,,,,,,,,,,,,,,,,,,,
,Shoulder to wall clearance,dsw,0.05,[m],,,,,,,,,,,,,,,,,,,,,,,,,,,,,,,,,,,,
,,,,,,,,,,,,,,,,,,,,,,,,,,,,,,,,,,,,,,,,
,,,,,,,,,,,,,,,,,,,,,,,,,,,,,,,,,,,,,,,,
,Aisle dimensions (Economy Class),,,,,,,,,,,,,,,,,,,,,,,,,,,,,,,,,,,,,,,
,,,,,,,,,,,,,,,,,,,,,,,,,,,,,,,,,,,,,,,,
,Aisle width,waisle,0.52,[m],,,,,,,,,,,,,,,,,,,,,,,,,,,,,,,,,,,,
,,,,,,,,,,,,,,,,,,,,,,,,,,,,,,,,,,,,,,,,
,Check : Chosen aisle width,waisle,0.52,[m],,>,,,waisle,0.51,[m],,,,,,,,,,,,,,Passengers,Minimum passenger aisle width (inches),,,,,,,,,,,,,,
,,,,,,,,,,,,,,,,,,,,,,,,,<=10,15,,,,,,,,,,,,,,
,,Aisle width is correct,,,,,,, Minimum aisle width CS 25.815,,,,,,,,,,,,,,,,>10,20,,,,,,,,,,,,,,
,,,,,,,,,,,,,,,,,,,,,,,,,70,20,,,,,,,,,,,,,,
,Aisle height,haisle,1.90,[m],,>>>>>,,,haisle,1.90,[m],,,,,,,,,,,,,,,,,,,,,,,,,,,,,
,,,,,,,,,,,,,,,,,,,,,,,,,,,,,,,,,,,,,,,,
,,,,,,,,,,,,,,,,,,,,,,,,,,,,,,,,,,,,,,,,
,Lower deck,,,,,,,,,,,,,,,,,,,,,,,,,,,,,,,,,,,,,,,
,,,,,,,,,,,,,,,,,,,,,,,,,,,,,,,,,,,,,,,,
,Choose a container type,,,,,,,,,,,,,,,,,,,,,,,,,,,,,,,,,,,,,,,
,,,,,,,,,,,,,,,,,,,,,,,,,,,,,,,,,,,,,,,,
,Double container,,YES,,,,,,,,,,,,,,,,,,,,,,,,,,,,,,,,,,,,,
,,,,,,,,,,,,,,,,,,,,,,,,,,,,,,,,,,,,,,,,
,,,,,,,,"Lower deck width, bottom","wld,bottom",0.00,[m],,,,,,,,,,,,,,,,,,,,,,,,,,,,,
,,,,,,,,,,,,,,,,,,,,,,,,,,,,,,,,,,,,,,,,
,,,,,,,,"Lower deck width, top","wld,top",0.00,[m],,,,,,,,,,,,,,,,,,,,,,chosen container,None,,Container,lower deck,,,
,,,,,,,,,,,,,,,,,,,,,,,,,,,,,,,,,,,,,,,,
,,,,,,,,Lower deck height,hld,0.00,[m],,,,,,,,,,,,,,,,,,,,,,,,,,,,,
,,,,,,,,,,,,,,,,,,,,,,,,,,,,,,,,,index,17,,,,,,
,,,,,,,,,,,,,,,,,,,,,,,,,Container,Container,Base width,Overall width,Depth,Height,Is half-size,,base width,0,,0,0,,,
,Cross section dimensions (from Economy Class),,,,,,,,,,,,,,,,,,,,,,,,LD1,1,1.5621,2.3368,1.53416,1.6256,TRUE,,overall width,0,,0,0,,,
,,,,,,,,,,,,,,,,,,,,,,,,,LD11,2,3.175,3.175,1.53416,1.6256,FALSE,,depth,0,,,??,,,
,Automatic calculation,,,,,,,,,,,,,,,,,,,,,,,,LD2,3,1.1938,1.5621,1.53416,1.6256,TRUE,,height,0,,0,0,,,
,,,,,,,,,,,,,,,,,,,,,,,,,LD26,4,3.175,4.064,2.2352,1.6256,FALSE,,is half seized,FALSE,,,,,,
,Ratio : cabin height / cabin width,(h/w)cabin,1.00,[-],,<<<<<,,"0,7                                            1,3",,,,,,,,,,,,,,,,,LD29,5,3.175,4.7244,2.2352,1.6256,FALSE,,is rectangular,TRUE,,,,YES,,FALSE
,,,,,,,,,,,,,,,,,,,,,,,,,LD3,6,1.5621,2.0066,1.53416,1.6256,TRUE,,,,,,,NO,,
,Floor lowering from horiz. fuselage symmetry,Dzfloor,0.79,[m],,,,,,,,,,,,,,,,,,,,,LD3-45,7,1.5621,2.0066,1.53416,1.143,TRUE,,has container,FALSE,,,,,,
,,,,,,,,,,,,,,,,,,,,,,,,,LD3-45(Rectangular),8,1.5621,1.5621,1.53416,1.143,FALSE,,,,,,,,,
,Fuselage inner height,"hf,i",2.99,[m],,,,,,,,,,,,,,,,,,,,,LD3-45W,9,1.43002,2.43078,1.41986,1.08966,FALSE,,,,,,,,,
,,,,,,,,,,,,,,,,,,,,,,,,,LD39,10,3.175,4.7244,2.4384,1.6256,FALSE,,,,,,,,,
,Fuselage inner width,"wf,i",2.99,[m],,,,,,,,,,,,,,,,,,,,,LD4,11,2.4384,2.4384,1.53416,1.6256,FALSE,,,,,,,,,
,,,,,,, ,,,,,,,,,,,,,,,,,,LD6,12,3.175,4.064,1.53416,1.6256,FALSE,,,,,,,,,
,Fuselage inner equivalent diameter,"df,i",2.99,[m],,,,,,,,,,,,,,,,,,,,,LD7,13,3.175,4.064,2.2352,1.6256,FALSE,,,,,,,,,
,,,,,,,,,,,,,,,,,,,,,,,,,LD7(Rectangular),14,3.175,3.175,2.2352,1.6256,FALSE,,,,,,,,,
,Fuselage thickness [Marckwardt],tfuselage,0.109,[m],,,,,,,,,,,,,,,,,,,,,LD8,15,2.4384,3.175,1.53416,1.6256,FALSE,,,,,,,,,
,,,,,,,,,,,,,,,,,,,,,,,,,LD9,16,3.175,3.175,2.2352,1.6256,FALSE,,,,,,,,,
,Fuselage outer equivalent diameter,"df,o",3.21,[m],,,,,,,,,,,,,,,,,,,,,None,17,0,0,0,0,FALSE,,,,,,,,,
,,,,,,,,,,,,,,,,,,,,,,,,,100,TRUE,,,,,,,,,,,,,,
,Floor thickness [Schmitt],tfloor,0.108,[m],,,,,0.11,,,,,,,,,,,,,,,,,,,,,,,,,,,,,,,
,,,,,,,,,,,,,,,,,,,,,,,,,,,,,,,,,,,,,,,,
,Fuselage outter height,"hf,o",3.21,[m],,,,,,,,,,,,,,,,,,,,,,,,,,,,,,,,,,,,
,,,,,,,,,,,,,,,,,,,,,,,,,,,,,,,,,,,,,,,,
,Fuselage outter width,"wf,o",3.21,[m],,,,,,,,,,,,,,,,,,,,,,,,,,,,,,,,,,,,
,,,,,,,,,,,,,,,,,,,,,,,,,,,,,,,,,,,,,,,,
,,,,,,,,,,,,,,,,,,,,,,,,,,,,,,,,,,,,,,,,
,Cross section layout,,,,,,,,,,,,,,,,,,,,,,,,,,,,,,,,,,,,,,,
,,,,,,,,,,,,,,,,,,,,,,,,,,,,,,,,,,,,,,,,
,"First class seats, right aisle","nseats,right,FC",2,[-],,,,,,,,,,,,,,,,,,,,,,,,,,,,,,,,,,,,
,,,,,,,,,,,,,,,,,,,,,,,,,,,,,,,,,,,,,,,,
,"First class seats, middle aisle","nseats,mid,FC",0,[-],,,,,,,,,,,,,,,,,,,,,,,,,,,,,,,,,,,,
,,,,,,,,,,,,,,,,,,,,,,,,,,,,,,,,,,,,,,,,
,"First class seats, left aisle","nseats,left,FC",1,[-],,,,,,,,,,,,,,,,,,,,,,,,,,,,,,,,,,,,
,,,,,,,,,,,,,,,,,,,,,,,,,,,,,,,,,,,,,,,,
,Check : First class seats abreast,"nSA,FC",3,[-],,>>>>>,,Number of seats abreast is correct,,,,,,,,,,,,,,,,,,,,,,,,,,,,,,,,
,,,,,,,,,,,,,,,,,,,,,,,,,,,,,,,,,,,,,,,,
,"Business class seats, right aisle","nseats,right,BC",2,[-],,,,,,,,,,,,,,,,,,,,,,,,,,,,,,,,,,,,
,,,,,,,,,,,,,,,,,,,,,,,,,,,,,,,,,,,,,,,,
,"Business class seats, middle aisle","nseats,mid,BC",0,[-],,,,,,,,,,,,,,,,,,,,,,,,,,,,,,,,,,,,
,,,,,,,,,,,,,,,,,,,,,,,,,,,,,,,,,,,,,,,,
,"Business class seats, left aisle","nseats,left,BC",3,[-],,,,,,,,,,,,,,,,,,,,,,,,,,,,,,,,,,,,
,,,,,,,,,,,,,,,,,,,,,,,,,,,,,,,,,,,,,,,,
,Check : Business class seats abreast,"nSA,BC",5,[-],,>>>>>,,Number of seats abreast is correct,,,,,,,,,,,,,,,,,,,,,,,,,,,,,,,,
,,,,,,,,,,,,,,,,,,,,,,,,,,,,,,,,,,,,,,,,
,"Economy class seats, right aisle","nseats,right,YC",2,[-],,,,,,,,,,,,,,,,,,,,,,,,,,,,,,,,,,,,
,,,,,,,,,,,,,,,,,,,,,,,,,,,,,,,,,,,,,,,,
,"Economy class seats, middle aisle","nseats,mid,YC",0,[-],,,,,,,,,,,,,,,,,,,,,,,,,,,,,,,,,,,,
,,,,,,,,,,,,,,,,,,,,,,,,,,,,,,,,,,,,,,,,
,"Economy class seats, left aisle","nseats,left,YC",2,[-],,,,,,,,,,,,,,,,,,,,,,,,,,,,,,,,,,,,
,,,,,,,,,,,,,,,,,,,,,,,,,,,,,,,,,,,,,,,,
,Check : Economy class seats abreast,"nSA,YC",4,[-],,>>>>>,,Number of seats abreast is correct,,,,,,,,,,,,,,,,,,,,,,,,,,,,,,,,
,,,,,,,,,,,,,,,,,,,,,,,,,,,,,,,,,,,,,,,,
,Display ,,,,,,,,,,,,,,,,,,,,,,,,First class,Economy class,3,,,,,,,,,,,,,
,,,,,,,,,,,,,,,,,,,,,,,,,Economy class,,,,,,,,,,,,,,,
,,,,,,,,,,,,,,,,,,,,,,,,,Economy class,,,,,,,,,,,,,,,
,Seat rails,,,,,,,,,,,,,,,,,,,,,,,,,,,,,,,,,,,,,,,
,,,,,,,,,,,,,,,,,,,,,,,,,,,,,,,,,,,,,,,,
,,Seat rails are positioned automatically based on,,,,,,,,,,,,,,,,,,,,,,using of side seatrails,FALSE,,,,,,,,,,,,,,,
,,economy class layout and these parameters: ,,,,,,,,,,,,,,,,,,,,,,,,,,,,,,,,,,,,,,
,,,,,,,,,,,,,,,,,,,,,,,,automatic seatrails positionning,TRUE,,,,,,,,,,,,,,,
,,,,,,,,,,,,,,,,,,,,,,,,,,,,,,,,,,,,,,,,
,,,,,,,,,,,,,,,,,,,,,,,,,,,,,,,,,,,,,,,,
,,,,,,,,,,,,,,,,,,,,,,,,,,,,,,,,,,,,,,,,
,"Number of seat rails, right aisle","nrails,right",2,[-],,,,,,,,,,,,,,,,,,,,,,,,,,,,,,,,,,,,
,,,,,,,,,,,,,,,,,,,,,,,,,,,,,,,,,,,,,,,,
,"Number of seat rails, middle aisle","nrails,middle",0,[-],,,,,,,,,,,,,,,,,,,,,,,,,,,,,,,,,,,,
,,,,,,,,,,,,,,,,,,,,,,,,,,,,,,,,,,,,,,,,
,"Number of seat rails, left aisle","nrails,left",2,[-],,,,,,,,,,,,,,,,,,,,,,,,,,,,,,,,,,,,
,,,,,,,,,,,,,,,,,,,,,,,,,saved values :,,,,,,,,,,,,,,,
,Side seatrail height,hside seatrail,-,[m],,,,,,,,,,,,,,,,,,,,,0.1,,,,,,,,,,,,,,,
,,,,,,,,,,,,,,,,,,,,,,,,,,,,,,,,,,,,,,,,
,Distance between seat extremity and first seat rail,"dseat,seat rail",0.20,[m],,,,,,,,,,,,,,,,,,,,,0.2,,,,,,,,,,,,,,,
,,,,,,,,,,,,,,,,,,,,,,,,,,,,,,,,,,,,,,,,
,"Distance between two seat rails, right aisle","drails,right",0.66,[m],,,,,,,,,,,,,,,,,,,,,0.5,,,,,,,,,,,,,,,
,,,,,,,,,,,,,,,,,,,,,,,,,,,,,,,,,,,,,,,,
,"Distance between two seat rails, middle aisle","drails,middle",0.46,[m],,,,,,,,,,,,,,,,,,,,,0.4508,,,,,,,,,,,,,,,
,,,,,,,,,,,,,,,,,,,,,,,,,,,,,,,,,,,,,,,,
,"Distance between two seat rails, left aisle","drails,left",0.66,[m],,,,,,,,,,,,,,,,,,,,,0.5,,,,,,,,,,,,,,,
,,,,,,,,,,,,,,,,,,,,,,,,,,,,,,,,,,,,,,,,
,"Distance from aisle to first seat rail, right","?yrails,right",0.46,[m],,,,,,,,,,,,,,,,,,,,,0,,,,,,,,,,,,,,,
,,,,,,,,,,,,,,,,,,,,,,,,,,,,,,,,,,,,,,,,
,"Distance from aisle to first seat rail, left","?yrails,left",0.46,[m],,,,,,,,,,,,,,,,,,,,,0.1,,,,,,,,,,,,,,,
,,,,,,,,,,,,,,,,,,,,,,,,,,,,,,,,,,,,,,,,
,,,,,,,,,,,,,,,,,,,,,,,,,,,,,,,,,,,,,,,,
,,,,,,,,,,,,,,,,,,,,,,,,,,,,,,,,,,,,,,,,
,,,,,,,,,,,,,,,,,,,,,,,,,,,,,,,,,,,,,,,,
,,,,,,,,,,,,,,,,,,,,,,,,,,,,,,,,,,,,,,,,
,,,,,,,,,,,,,,,,,,,,,,,,,,,,,,,,,,,,,,,,
,Check: aisle width,,,,,,,,,,,,,,,,,,,,,,,,,,,,,,,,,,,,,,,
,,,,,,,,,,,,,,,,,,,,,,,,,,,,,,,,,,,,,,,,
,"Aisle width, first class","waisle,FC",0.60,[m],,>>>>>,,First class aisle width is equal or bigger than economy class,,,,,,,,,,,,,,,,,,,,,,,,,,,,,,,,
,,,,,,,,,,,,,,,,,,,,,,,,,,,,,,,,,,,,,,,,
,"Aisle width, business class","waisle,BC",-0.19,[m],,>>>>>,,Business class aisle width is smaller than economy class!,,,,,,,,,,,,,,,,,,,,,,,,,,,,,,,,
,,,,,,,,,,,,,,,,,,,,,,,,,,,,,,,,,,,,,,,,
,,,,,,,,,,,,,,,,,,,,,,,,,,,,,,,,,,,,,,,,
4.,Cabin floorplan,,,,,,,,,,,,,,,,,,,,,,,,,,,,,,,,,,,,,,,
,,,,,,,,,,,,,,,,,,,,,,,,,,,,,,,,,,,,,,,,
,Lavatories,,,,,,,,,,,,,,,,,,,,,,,,,,,,,,,,,,,,,,,
,,,,,,,,,,,,,,,,,,,,,,,,,,,,,,,,,,,,,,,,
,"Number of lavatories, first class","nlavatories,FC",1,[-],,<<<<<,,Schmitt : number of FC lavatories suggestion,"npax, FC",0,,,,,,,,,,,,,,,,pax/lavatory,R<3000Nm,3000<R<5500Nm,R>5500Nm,,,,,,,,,,,
,,,,,,,,,,,,,,,,,,,,,,,,,FC,14,14,14,14,,,,,,,,,,,
,"Number of lavatories, business class","nlavatories,BC",0,[-],,<<<<<,,Schmitt : number of BC lavatories suggestion,"npax, BC",0,,,,,,,,,,,,,,,BC,25,25,25,25,,,,,,,,,,,
,,,,,,,,,,,,,,,,,,,,,,,,,YC,60,60,45,45,,,,,,,,,,,
,"Number of lavatories, economy class","nlavatories,YC",1,[-],,<<<<<,,Schmitt : number of YC lavatories suggestion,"npax, YC",1,,,,,,,,,,,,,,,,,,,,,,,,,,,,,,
,,,,,,,,,,,,,,,,,,,,,,,,,,,,,,,,,,,,,,,,
,Lavatory length,llavatory,1,[m],,,,,,,,,,,,,,,,,,,,,,,,,,,,,,,,,,,,
,,,,,,,,,,,,,,,,,,,,,,,,,,,,,,,,,,,,,,,,
,Lavatory width,wlavatory,1.2,[m],,,,,,,,,,,,,,,,,,,,,,,,,,,,,,,,,,,,
,,,,,,,,,,,,,,,,,,,,,,,,,,,,,,,,,,,,,,,,
,,,,,,,,,,,,,,,,,,,,,,,,,,,,,,,,,,,,,,,,
,First class galleys,,,,,,,,,,,,,,,,,,,,,,,,,,,,,,,,,,,,,,,
,,,,,,,,,,,,,,,,,,,,,,,,,,,,,,,,,,,,,,,,
,Galley length,"lgalley,FC",0.7,[m],,,,,,,,,,,,,,,,,,,,,,,,,,,,,,,,,,,,
,,,,,,,,,,,,,,,,,,,,,,,,,,,,,,,,,,,,,,,,
,Galley width,"wgalley,FC",1,[m],,,,Surface of one galley,"Sgalley,FC",0.7,[m²],,,,,,,,,,,,,,,,,,,,,,,,,,,,,
,,,,,,,,,,,,,,,,,,,,,,,,,,,,,,,,,,,,,,,,
,Number of galleys,"ngalley,FC",0,[-],,,,Surface of FC galleys,"Sgalleys,FC",0,[m²],,,,,,,,,,,,,,,,,,,,,,,,,,,,,
,,,,,,,,,,,,,,,,,,,,,,,,,,,,,,,,,,,,,,,,
,,,,,,,,,,,,,,,,,,,,,,,,,,,,,,,,,,,,,,,,
,Business class galleys,,,,,,,,,,,,,,,,,,,,,,,,,,,,,,,,,,,,,,,
,,,,,,,,,,,,,,,,,,,,,,,,,,,,,,,,,,,,,,,,
,Galley length,"lgalley,BC",1,[m],,,,,,,,,,,,,,,,,,,,,,,,,,,,,,,,,,,,
,,,,,,,,,,,,,,,,,,,,,,,,,,,,,,,,,,,,,,,,
,Galley width,"wgalley,BC",2,[m],,,,Surface of one galley,"Sgalley,BC",2,[m²],,,,,,,,,,,,,,,,,,,,,,,,,,,,,
,,,,,,,,,,,,,,,,,,,,,,,,,,,,,,,,,,,,,,,,
,Number of galleys,"ngalley,BC",0,[-],,,,Surface of BC galleys,"Sgalleys,BC",0,[m²],,,,,,,,,,,,,,,,,,,,,,,,,,,,,
,,,,,,,,,,,,,,,,,,,,,,,,,,,,,,,,,,,,,,,,
,,,,,,,,,,,,,,,,,,,,,,,,,,,,,,,,,,,,,,,,
,Economy class galleys,,,,,,,,,,,,,,,,,,,,,,,,,,,,,,,,,,,,,,,
,,,,,,,,,,,,,,,,,,,,,,,,,Range > [Nm],kGalley [m²],,,,,,,,,,,,,,
,Galley length,"lgalley,YC",0.9,[m],,,,,,,,,,,,,,,,,,,,,0,16,,,,,,,,,,,,,,
,,,,,,,,,,,,,,,,,,,,,,,,,700,23,,,,,,,,,,,,,,
,Galley width,"wgalley,YC",1.1,[m],,,,Surface of one galley,"Sgalley,YC",0.99,[m²],,,,,,,,,,,,,,1500,32,,,,,,,,,,,,,,
,,,,,,,,,,,,,,,,,,,,,,,,,4000,41,,,,,,,,,,,,,,
,Number of galleys,"ngalley,YC",2,[-],,,,Surface of YC galleys,"Sgalleys,YC",1.98,[m²],,,,,,,,,,,,,,Result :,,,,,,,,,,,,,,,
,,,,,,,,,,,,,,,,,,,,,,,,,1349.892009,23,,,,,,,,,,,,,,
,,,,,,,,,,,,,,,,,,,,,,,,,,,,,,,,,,,,,,,,
,Check : galleys surface,,,,,,,,,,,,,,,,,,,,,,,,,,,,,,,,,,,,,,,
,,,,,,,,,,,,,,,,,,,,,,,,,,,[cm],,,,,,,,,,,,,
,Overall galleys surface,Sgalleys,1.98,[m²],,>,,Marckwardt : Galleys surface recommendation,Sgalleys,2.11,[m²],,,,,,,,,,,,,,,,[inch],,,,,,,,,,,,,
,,,,,,,,,,,,,,,,,,,,,,,,,,,,,,,,,,,,,,,,
,,Galley surface is correct,,,,,,,,,,,,,,,,,,,,,,,,,,,,,,,,,,,,,,
,,,,,,,,,,,,,,,,,,,,,,,,,,,,,,,,,,,,,,,,
,,,,,,,,,,,,,,,,,,,,,,,,,,,,,,,,,,,,,,,,
,Seat pitch,,,,,,,,,,,,,,,,,,,,,,,,,,,,,,,,,,,,,,,
,,,,,,,,,,,,,,,,,,,,,,,,,,,,,,,,,,,,,,,,
,"Seat pitch, first class",pitchFC,100,[cm],,,,,,1.00,[m],,,,,,,,,,,,,,,,,,,,,,,,,,,,,
,,,,,,,,,,,,,,,,,,,,,,,,,,,,,,,,,,,,,,,,
,"Seat pitch, business class",pitchBC,34,[inch],,,,,,0.86,[m],,,,,,,,,,,,,,,,,,,,,,,,,,,,,
,,,,,,,,,,,,,,,,,,,,,,,,,,,,,,,,,,,,,,,,
,"Seat pitch, economy class",pitchYC,80,[cm],,,,,,0.80,[m],,,,,,,,,,,,,,,,,,,,,,,,,,,,,
,,,,,,,,,,,,,,,,,,,,,,,,,,,,,,,,,,,,,,,,
,,,,,,,,,,,,,,,,,,,,,,,,,,,,,,,,,,,,,,,,
,Definition of Cabin Layout,,,,,,,,,,,,,,,,,,,,,,,,,,,,,,,,,,,,,,,
,,,,,,,,,,,,,,,,,,,,,,,,,,,,,,,,,,,,,,,,
,,Monuments,,,,,,,,,,,,,,,,,,,,,,,,,,,,,,,,,,,,,,
,Effective row,Left,Center,Right,Class,Exit,Attendant Seat,,,,,,,,,,,,,,,,,,Center Monuments:,Side Monuments:,,Effective rows count,,,,,,Exit,"Width ""","Height """,Pax,,,
,,Lavatory,None,Galley YC,,None,NO,Type of exit and Location,PAX allowed,Size (b*h),,,,,,,,,,,,,,,None,None,,1,,,,,,None,0,0,0,,,
,1,None,None,None,1,Type C,NO,Type A (Floor-level exit),110,"1,07m*1,83m",,,,,,,,,,,,,,,Galley FC,Galley FC,,1,,,,,,Type A,42,72,110,,,
,2,None,None,None,1,None,NO,Type B (Floor-level exit),75,"0,81m*1,83m",,,,,,,,,,,,,,,Galley BC,Galley BC,,2,,,,,,Type B,32,72,75,,,
,3,None,None,None,3,None,NO,Type C (Floor-level exit),55,"0,76m*1,22m",,,,,,,,,,,,,,,Galley YC,Galley YC,,3,,,,,,Type C,30,48,55,,,
,4,None,None,None,3,None,NO,Type I (Floor-level exit),45,"0,61m*1,22m",,,,,,,,,,,,,,,Lavatory,Lavatory,,4,,,,,,Type I,24,48,45,,,
,5,None,None,None,3,None,NO,Type II (Floor-level or over-wing exit),40,"0,51m*1,12m",,,,,,,,,,,,,,,Lavatory(x2),,,5,,,,,,Type II,20,44,40,,,
,6,None,None,None,3,None,NO,Type III (Rectangular opening),35,"0,51m*0,91m",,,,,,,,,,,,,,,,,,6,,,,,,Type III,20,36,35,,,
,7,None,None,None,3,None,NO,Type IV (Located over the wing),9,"0,48m*0,66m",,,,,,,,,,,,,,,Show seatrails,FALSE,,7,,,,,,Type IV,19,26,9,,,
,8,None,None,None,3,None,NO,,,,,,,,,,,,,,,,,,,,,8,,,,,,,,,,,,
,9,None,None,None,3,None,NO,According to CS 25.807(d)(2):,,,,,,,,,,,,,,,,,YES,TRUE,,9,,,,,,,,,,,,
,10,None,None,None,3,None,NO,"For passenger seating configurations greater than 299 seats, each emergency exit must be",,,,,,,,,,,,,,,,,NO,,,10,,,,,,,,,,,,
,11,None,None,None,3,None,NO,either a Type A or a Type I.,,,,,,,,,,,,,,,,,,,,11,,,,,,,,,,,,
,12,None,None,None,3,Type III,NO,,,,,,,,,,,,,,,,,,Show wings,FALSE,,12,,,,,,,,,,,,
,13,None,None,None,3,None,NO,,,,,,,,,,,,,,,,,,,,,13,,,,,,,,,,,,
,14,None,None,None,3,None,NO,,,,,,,,,,,,,,,,,,,,,14,,,,,,,,,,,,
,15,None,None,None,3,Type III,NO,,,,,,,,,,,,,,,,,,,,,15,,,,,,,,,,,,
,16,None,None,None,3,None,NO,,,,,,,,,,,,,,,,,,,,,16,,,,,,,,,,,,
,17,None,None,None,3,None,NO,,,,,,,,,,,,,,,,,,,,,17,,,,,,,,,,,,
,18,None,None,None,3,None,NO,,,,,,,,,,,,,,,,,,,,,18,,,,,,,,,,,,
,,None,None,None,,None,NO,,,,,,,,,,,,,,,,,,,,,19,,,,,,,,,,,,
,,None,None,None,,None,NO,,,,,,,,,,,,,,,,,,,,,20,,,,,,,,,,,,
,,None,None,None,,None,NO,,,,,,,,,,,,,,,,,,,,,21,,,,,,,,,,,,
,,None,None,None,,None,NO,,,,,,,,,,,,,,,,,,,,,22,,,,,,,,,,,,
,,None,None,None,,None,NO,,,,,,,,,,,,,,,,,,,,,23,,,,,,,,,,,,
,,None,None,None,,None,NO,,,,,,,,,,,,,,,,,,,,,24,,,,,,,,,,,,
,,None,None,None,,None,NO,,,,,,,,,,,,,,,,,,,,,25,,,,,,,,,,,,
,,None,None,None,,None,NO,,,,,,,,,,,,,,,,,,,,,26,,,,,,,,,,,,
,,None,None,None,,None,NO,,,,,,,,,,,,,,,,,,,,,27,,,,,,,,,,,,
,,None,None,None,,None,NO,,,,,,,,,,,,,,,,,,,,,28,,,,,,,,,,,,
,,None,None,None,,None,NO,,,,,,,,,,,,,,,,,,,,,29,,,,,,,,,,,,
,,None,None,None,,None,NO,,,,,,,,,,,,,,,,,,,,,30,,,,,,,,,,,,
,,None,None,None,,None,NO,,,,,,,,,,,,,,,,,,,,,31,,,,,,,,,,,,
,,None,None,None,,None,NO,,,,,,,,,,,,,,,,,,,,,32,,,,,,,,,,,,
,,Lavatory,None,Galley YC,,Type C,NO,,,,,,,,,,,,,,,,,,,,,33,,,,,,,,,,,,
,,None,None,None,,None,NO,,,,,,,,,,,,,,,,,,,,,33,,,,,,,,,,,,
,,None,None,None,,None,NO,,,,,,,,,,,,,,,,,,,,,34,,,,,,,,,,,,
,,None,None,None,,None,NO,,,,,,,,,,,,,,,,,,,,,35,,,,,,,,,,,,
,,None,None,None,,None,NO,,,,,,,,,,,,,,,,,,,,,36,,,,,,,,,,,,
,,None,None,None,,None,NO,,,,,,,,,,,,,,,,,,,,,37,,,,,,,,,,,,
,,None,None,None,,None,NO,,,,,,,,,,,,,,,,,,,,,38,,,,,,,,,,,,
,,None,None,None,,None,NO,,,,,,,,,,,,,,,,,,,,,39,,,,,,,,,,,,
,,None,None,None,,None,NO,,,,,,,,,,,,,,,,,,,,,40,,,,,,,,,,,,
,,None,None,None,,None,NO,,,,,,,,,,,,,,,,,,,,,41,,,,,,,,,,,,
,,None,None,None,,None,NO,,,,,,,,,,,,,,,,,,,,,42,,,,,,,,,,,,
,,None,None,None,,None,NO,,,,,,,,,,,,,,,,,,,,,43,,,,,,,,,,,,
,,None,None,None,,None,NO,,,,,,,,,,,,,,,,,,,,,44,,,,,,,,,,,,
,,None,None,None,,None,NO,,,,,,,,,,,,,,,,,,,,,45,,,,,,,,,,,,
,,None,None,None,,None,NO,,,,,,,,,,,,,,,,,,,,,46,,,,,,,,,,,,
,,None,None,None,,None,NO,,,,,,,,,,,,,,,,,,,,,47,,,,,,,,,,,,
,,None,None,None,,None,NO,,,,,,,,,,,,,,,,,,,,,48,,,,,,,,,,,,
,,None,None,None,,None,NO,,,,,,,,,,,,,,,,,,,,,49,,,,,,,,,,,,
,,None,None,None,,None,NO,,,,,,,,,,,,,,,,,,,,,50,,,,,,,,,,,,
,,None,None,None,,None,NO,,,,,,,,,,,,,,,,,,,,,51,,,,,,,,,,,,
,,None,None,None,,None,NO,,,,,,,,,,,,,,,,,,,,,52,,,,,,,,,,,,
,,None,None,None,,None,NO,,,,,,,,,,,,,,,,,,,,,53,,,,,,,,,,,,
,,None,None,None,,None,NO,,,,,,,,,,,,,,,,,,,,,54,,,,,,,,,,,,
,,None,None,None,,None,NO,,,,,,,,,,,,,,,,,,,,,55,,,,,,,,,,,,
,,None,None,None,,None,NO,,,,,,,,,,,,,,,,,,,,,56,,,,,,,,,,,,
,,None,None,None,,None,NO,,,,,,,,,,,,,,,,,,,,,57,,,,,,,,,,,,
,,None,None,None,,None,NO,,,,,,,,,,,,,,,,,,,,,58,,,,,,,,,,,,
,,None,None,None,,None,NO,,,,,,,,,,,,,,,,,,,,,59,,,,,,,,,,,,
,,None,None,None,,None,NO,,,,,,,,,,,,,,,,,,,,,60,,,,,,,,,,,,
,,None,None,None,,None,NO,,,,,,,,,,,,,,,,,,,,,61,,,,,,,,,,,,
,,None,None,None,,None,NO,,,,,,,,,,,,,,,,,,,,,62,,,,,,,,,,,,
,,None,None,None,,None,NO,,,,,,,,,,,,,,,,,,,,,63,,,,,,,,,,,,
,,,,,,,,,,,,,,,,,,,,,,,,,,,,,,,,,,,,,,,,
,,,,,,,,,,,,,,,,,,,,,,,,,,,,,,,,,,,,,,,,
,,,,,,,,,,,,,,,,,,,,,,,,,,,,,,,,,,,,,,,,
,Cabin floor plan,,,,,,,,,,,,,,,,,,,,,,,,,,,,,,,,,,,,,,,
,,,,,,,,,,,,,,,,,,,,,,,,,,,,,,,,,,,,,,,,
,,,,,,,,,,,,,,,,,,,,,,,,,Cockpit configuration,,,,,,,,,,,,,,,
,,,,,,,,,,,,,,,,,,,,,,,,,Panel front x position,2,[m],,,,,,,,,,,,,
,,,,,,,,,,,,,,,,,,,,,,,,,Panel width,2,[m],,,,,,,,,,,,,
,,,,,,,,,,,,,,,,,,,,,,,,,Panel length,0.4,[m],,,,,,,,,,,,,
,,,,,,,,,,,,,,,,,,,,,,,,,Seat length,0.8,[m],,,,,,,,,,,,,
,,,,,,,,,,,,,,,,,,,,,,,,,Seat width,0.7,[m],,,,,,,,,,,,,
,,,,,,,,,,,,,,,,,,,,,,,,,,,,,,,,,,,,,,,,
,,,,,,,,,,,,,,,,,,,,,,,,,,,,,,,,,,,,,,,,
,,,,,,,,,,,,,,,,,,,,,,,,,,,,,,,,,,,,,,,,
,,,,,,,,,,,,,,,,,,,,,,,,,,,,,,,,,,,,,,,,
,,,,,,,,,,,,,,,,,,,,,,,,,,,,,,,,,,,,,,,,
,,,,,,,,,,,,,,,,,,,,,,,,,,,,,,,,,,,,,,,,
,,,,,,,,,,,,,,,,,,,,,,,,,,,,,,,,,,,,,,,,
,,,,,,,,,,,,,,,,,,,,,,,,,,,,,,,,,,,,,,,,
5.,Results,,,,,,,,,,,,,,,,,,,,,,,,,,,,,,,,,,,,,,,
,,,,,,,,,,,,,,,,,,,,,,,,,,,,,,,,,,,,,,,,
,Fuselage length,,,,,,,,,,,,,,,,,,,,,,,,,,,,,,,,,,,,,,,
,,,,,,,,,,,,,,,,,,,,,,,,,,,,,,,,,,,,,,,,
,Nose length to diameter ratio,lnose/df,1.54,[-],,>>>>>,,Nose length,lnose,4.94,[m],,,,,,,,,,,,,,,,,,,,,,,,,,,,,
,,,,,,,,,,,,,,,,,,,,,,,,,,,,,,,,,,,,,,,,
,Nose offset,?xnose,-0.09,[m],,,,,,,,,,,,,,,,,,,,,,,,,,,,,,,,,,,,
,,,,,,,,,,,,,,,,,,,,,,,,,,,,,,,,,,,,,,,,
,Tail length to diameter ratio,ltail/df,1.50,[-],,>>>>>,,Tail length,ltail,4.80,[m],,,,,,,,,,,,,,,,,,,,,,,,,,,,,
,,,,,,,,,,,,,,,,,,,,,,,,,,,,,,,,,,,,,,,,
,Tail offset to diameter ratio,?xtail/df,-0.11,,,>>>>>,,Tail offset,?xtail,-0.37,[m],,,,,,,,,,,,,,,,,,,,,,,,,,,,,
,,,,,,,,,,,,,,,,,,,,,,,,,,,,,,,,,,,,,,,,
,Cabin length,lcabin,18.62,[m],,>>>>>,,Fuselage length,lfuselage,28.83,[m],,,,,,,,,,,,,,,,,,,,,,,,,,,,,
,,,,,,,,,,,,,,,,,,,,,,,,,,,,,,,,,,,,,,,,
,,,,,,,,,,,,,,,,,,,,,,,,,,,,,,,,,,,,,,,,
,Verification of cargo compartment volume (Nita 2010),,,,,,,,,,,,,,,,,,,,,,,,,,,,,,,,,,,,,,,
,,,,,,,,,,,,,,,,,,,,,,,,,,,,,,,,,,,,,,,,
,Cross section of the cargo compartment,SCC,1.00,[m2],,<<<<<,,Suggestion for SCC (from cabin cross section),SCC,0.00,[m2],,,,,,,,,,,,,,,,,,,,,,,,,,,,,
,,,,,,,,,,,,,,,,,,,,,,,,,,,,,,,,,,,,,,,,
,Proportion of fuselage length used for cargo,kCC,0.48,[-],,,,,,,,,,,,,,,,,,,,,,,,,,,,,,,,,,,,
,,,,,,,,,,,,,,,,,,,,,,,,,,,,,,,,,,,,,,,,
,,,,,,,,Cargo compartment volume,VCC,13.84,[m3],,,,,,,,,,,,,,,,,,,,,,,,,,,,,
,,,,,,,,,,,,,,,,,,,,,,,,,,,,,,,,,,,,,,,,
,,,,,,,,,,,,,,,,,,,,,,,,,,,,,,,,,,,,,,,,
,Cross section of a lateral overhead stowage,"SOS,lat",0.200,[m2],,<<<<<,,"Suggestion for SOS,lat [Nita]","SOS,lat",0.201,[m2],,,,,,,,,,,,,,,,,,,,,,,,,,,,,
,,,,,,,,,,,,,,,,,,,,,,,,,,,,,,,,,,,,,,,,
,Number of lateral rows of overhead stowages,"nOS,lat",2,[-],,<<<<<,,"Suggestion for nOS,lat [Nita]","nOS,lat",2,[-],,,,,,,,,,,,,,,,,,,,,,,,,,,,,
,,,,,,,,,,,,,,,,,,,,,,,,,,,,,,,,,,,,,,,,
,Cross section of the central overhead stowage,"SOS,ce",0.241,[m2],,<<<<<,,"Suggestion for SOS,ce [Nita]","SOS,ce",0.241,[m2],,,,,,,,,,,,,,,,,,,,,,,,,,,,,
,,,,,,,,,,,,,,,,,,,,,,,,,,,,,,,,,,,,,,,,
,Number of central rows of overhead stowages,"nOS,ce",0,[-],,<<<<<,,"Suggestion for nOS,ce [Nita]","nOS,ce",0,[-],,,,,,,,,,,,,,,,,,,,,,,,,,,,,
,,,,,,,,,,,,,,,,,,,,,,,,,,,,,,,,,,,,,,,,
,,,,,,,,Total cross section of the overhead stowages,"SOS,tot",0.400,[m2],,,,,,,,,,,,,,,,,,,,,,,,,,,,,
,,,,,,,,,,,,,,,,,,,,,,,,,,,,,,,,,,,,,,,,
,Proportion of cabin length occupied by overhead stowages,kOS,0.72,[-],,<<<<<,,Suggestion for kOS [Nita],kOS,0.723,[-],,,,,,,,,,,,,,,,,,,,,,,,,,,,,
,,,,,,,,,,,,,,,,,,,,,,,,,,,,,,,,,,,,,,,,
,,,,,,,,Volume of overhead stowage,VOS,5.39,[m3],,,,,,,,,,,,,,,,,,,,,,,,,,,,,
,,,,,,,,,,,,,,,,,,,,,,,,,,,,,,,,,,,,,,,,
,,,,,,,,,,,,,,,,,,,,,,,,,,,,,,,,,,,,,,,,
,Average mass of passenger baggage,mbaggage,15.00,[kg],,<<<<<,,Suggestion for mbaggage,mbaggage,13.6,[kg],,,,,,,,,,,,,,,,,,,,,,,,,,,,,
,,,,,,,,,,,,,,,,,,,,,,,,,,,,,,,,,,,,,,,,
,,,,,,,,Total mass of passenger baggage,"mbaggage,total",1050.00,[kg],,,,,,,,,,,,,,,,,,,,,,,,,,,,,
,,,,,,,,,,,,,,,,,,,,,,,,,,,,,,,,,,,,,,,,
,,,,,,,,Volume of baggage,VB,6.18,[m3],,,,,,,,,,,,,,,,,,,,,,,,,,,,,
,,,,,,,,,,,,,,,,,,,,,,,,,,,,,,,,,,,,,,,,
,,,,,,,,,,,,,,,,,,,,,,,,,,,,,,,,,,,,,,,,
,Cargo mass,mcargo,2004.00,[kg],,>>>>>,,Volume of cargo,Vcargo,12.53,[m3],,,,,,,,,,,,,,,,,,,,,,,,,,,,,
,,,,,,,,,,,,,,,,,,,,,,,,,,,,,,,,,,,,,,,,
,,,,,,,,,,,,,,,,,,,,,,,,,,,,,,,,,,,,,,,,
,Cargo compartment volume,VCC,13.84,[m3],,>,,Needed volume for cargo compartment,"VCC,nedded",13.32,[m3],,,,,,,,,,,,,,,,,,,,,,,,,,,,,
,,,,,,,,,,,,,,,,,,,,,,,,,,,,,,,,,,,,,,,,
,,Cargo compartment volume is sufficient,,,,,,,,,,,,,,,,,,,,,,,,,,,,,,,,,,,,,,
,,,,,,,,,,,,,,,,,,,,,,,,,,,,,,,,,,,,,,,,
,,,,,,,,,,,,,,,,,,,,,,,,,,,,,,,,,,,,,,,,
,Verification of monuments,,,,,,,,,,,,,,,,,,,,,,,,,,,,,,,,,,,,,,,
,,,,,,,,,,,,,,,,,,,,,,,,,,,,,,,,,,,,,,,,
,"Number of galleys in floor plan, first class","ngalleys,FC",0,,,,,Number of expected galleys,"ngalleys,FC",0,,,,,,,,,,,,,,,,,,,,,,,,,,,,,,
,,,,,,,,,,,,,,,,,,,,,,,,,,,,,,,,,,,,,,,,
,"Number of galleys in floor plan, business class","ngalleys,BC",0,,,,,Number of expected galleys,"ngalleys,BC",0,,,,,,,,,,,,,,,,,,,,,,,,,,,,,,
,,,,,,,,,,,,,,,,,,,,,,,,,,,,,,,,,,,,,,,,
,"Number of galleys in floor plan, economy class","ngalleys,YC",2,,,,,Number of expected galleys,"ngalleys,YC",2,,,,,,,,,,,,,,,,,,,,,,,,,,,,,,
,,,,,,,,,,,,,,,,,,,,,,,,,,,,,,,,,,,,,,,,
,,Number of galleys is correct,,,,,,,,,,,,,,,,,,,,,,,,,,,,,,,,,,,,,,
,,,,,,,,,,,,,,,,,,,,,,,,,,,,,,,,,,,,,,,,
,Number of lavatories in floor plan,nlavatories,2,,,,,Number of expected lavatories,nlavatories,2,,,,,,,,,,,,,,,,,,,,,,,,,,,,,,
,,,,,,,,,,,,,,,,,,,,,,,,,,,,,,,,,,,,,,,,
,,Number of lavatories is correct,,,,,,,,,,,,,,,,,,,,,,,,,,,,,,,,,,,,,,
,,,,,,,,,,,,,,,,,,,,,,,,,,,,,,,,,,,,,,,,
,,,,,,,,,,,,,,,,,,,,,,,,,,,,,,,,,,,,,,,,
,Waterline,,,,,,,,,,,,,,,,,,,,,,,,,,,,,,,,,,,,,,,
,,,,,,,,,,,,,,,,,,,,,,,,,,,,,,,,,,,,,,,,
,,,,,,,,Maximal mass for water ditching (nose),,2664,[kg],,,,,,,,,,,,,,TRUE,,,,,,,,,,,,,,,
,,,,,,,,,,,,,,,,,,,,,,,,,,,,,,,,,,,,,,,,
,,,,,,,,Maximal mass for water ditching (tail),,2586,[kg],,,,,,,,,,,,,,TRUE,,,,,,,,,,,,,,,
,,,,,,,,,,,,,,,,,,,,,,,,,,,,,,,,,,,,,,,,
,,,,,,,,Maximal mass for water ditching (fuselage),,30838,[kg],,,,,,,,,,,,,,,,,,,,,,,,,,,,,
,,,,,,,,,,,,,,,,,,,,,,,,,,,,,,,,,,,,,,,,
,Maximal mass for water ditching (total),,36088,[kg],,>,,Maximum take-off mass,,29765,[kg],,,,,,,,,,,,,,,,,,,,,,,,,,,,,
,,,,,,,,,,,,,,,,,,,,,,,,,,,,,,,,,,,,,,,,
,,Door steps above the water line,,,,,,,According CS 25.807 (e)(1),,,,,,,,,,,,,,,,,,,,,,,,,,,,,,,
,,,,,,,,,,,,,,,,,,,,,,,,,,,,,,,,,,,,,,,,
,,,,,,,,,,,,,,,,,,,,,,,,,,,,,,,,,,,,,,,,
,Exit distribution analysis,,,,,,,,,,,,,,,,,,,,,,,,,,,,,,,,,,,,,,,
,,,,,,,,,,,,,,,,,,,,,,,,,,,,,,,,,,,,,,,,
,,,,,,,,,,,,,,,,,,,,,,,,,,,,,,,,,,,,,,,,
,Total of allowed passengers through exits,,180,[-],,>,,Number of passengers,,70,[-],,,,,,,,,,,,,,,,,,,,,,,,,,,,,
,,,,,,,,,,,,,,,,,,,,,,,,,,,,,,,,,,,,,,,,
,,Overall number and size of exits is correct,,,,,,,According to CS 25.807 (d),,,,,,,,,,,,,,,,,,,,,,,,,,,,,,,
,,,,,,,,,,,,,,,,,,,,,,,,,,,,,,,,,,,,,,,,
,Distance between exits,,The distance is greater than the fuselage length factor,,,,,,According to AC 25.807-1 (6) (b) (2) (v),,,,,,,,,,,,,,,,,,,,,,,,,,,,,,,
,,,,,,,,,,,,,,,,,,,,,,,,,,,,,,,,,,,,,,,,
,Distance between exits,,The distance is smaller than 60 ft,,,,,,According to CS 25.807 (d)(7),,,,,,,,,,,,,,,,,,,,,,,,,,,,,,,
,,,,,,,,,,,,,,,,,,,,,,,,,,,,,,,,,,,,,,,,
,,,,,,,,,,,,,,,,,,,,,,,,,,,,,,,,,,,,,,,,
,Check of exit zones according to AC 25.807-1 (6)(b)(1),,,,Check of exits positions according to AC 25.807-1 (6)(b)(2)(vi),,,,,,,,,,,,,,,,,,,,,,,,,,,,,,,,,,,
,,,,,,,Position,,Offset,,,,,,,,,,,,,,,,,,,,,,,,,,,,,,,
,Zone,Allowed PAX,Effective number of PAX,,Exit,Nominal,Actual,Type,[m],[% cab. length],Allowed PAX,,,,,,,,,,,,,,,,,,,,,,,,,,,,,
,A,125,66,,1,1.48,1.48,Type C,0.00,0.00,55,,,,,,,,,,,,,,,,,,,,,,,,,,,,,
,B,125,84,,2,12.61,12.48,Double Type III,0.13,0.57,70,,,,,,,,,,,,,,,,,,,,,,,,,,,,,
,,,,,3,23.73,23.73,Type C,0.00,0.00,55,,,,,,,,,,,,,,,,,,,,,,,,,,,,,
,,,,,,,,,,,,,,,,,,,,,,,,,,,,,,,,,,,,,,,,
,,,,,,,,,,,,,,,,,,,,,,,,,,,,,,,,,,,,,,,,
,,,,,,,,,,,,,,,,,,,,,,,,,,,,,,,,,,,,,,,,
,,,,,,,,,,,,,,,,,,,,,,,,,,,,,,,,,,,,,,,,
,,,,,,,,,,,,,,,,,,,,,,,,,,,,,,,,,,,,,,,,
,,,,,,,,,,,,,,,,,,,,,,,,,,,,,,,,,,,,,,,,
,,,,,,,,,,,,,,,,,,,,,,,,,,,,,,,,,,,,,,,,
,,,,,,,,,,,,,,,,,,,,,,,,,,,,,,,,,,,,,,,,
,,,,,,,,,,,,,,,,,,,,,,,,,,,,,,,,,,,,,,,,
,,,,,,,,,,,,,,,,,,,,,,,,,,,,,,,,,,,,,,,,
,,,,,,,,,,,,,,,,,,,,,,,,,,,,,,,,,,,,,,,,
,,,,,,,,,,,,,,,,,,,,,,,,,,,,,,,,,,,,,,,,
,,,,,,,,,,,,,,,,,,,,,,,,,,,,,,,,,,,,,,,,
,,,,,,,,,,,,,,,,,,,,,,,,,,,,,,,,,,,,,,,,
,,,,,,,,,,,,,,,,,,,,,,,,,,,,,,,,,,,,,,,,
,,,,,,,,,,,,,,,,,,,,,,,,,,,,,,,,,,,,,,,,
,,,,,,,,,,,,,,,,,,,,,,,,,,,,,,,,,,,,,,,,
,,,,,,,,,,,,,,,,,,,,,,,,,,,,,,,,,,,,,,,,
,,,,,,,,,,,,,,,,,,,,,,,,,,,,,,,,,,,,,,,,
,,,,,,,,,,,,,,,,,,,,,,,,,,,,,,,,,,,,,,,,
,,,,,,,,,,,,,,,,,,,,,,,,,,,,,,,,,,,,,,,,
,,,,,,,,,,,,,,,,,,,,,,,,,,,,,,,,,,,,,,,,
,,,,,,,,,,,,,,,,,,,,,,,,,,,,,,,,,,,,,,,,
,,,,,,,,,,,,,,,,,,,,,,,,,,,,,,,,,,,,,,,,
,,,,,,,,,,,,,,,,,,,,,,,,,,,,,,,,,,,,,,,,
,,,,,,,,,,,,,,,,,,,,,,,,,,,,,,,,,,,,,,,,
,,,,,,,,,,,,,,,,,,,,,,,,,,,,,,,,,,,,,,,,
,,,,,,,,,,,,,,,,,,,,,,,,,,,,,,,,,,,,,,,,
,,,,,,,,,,,,,,,,,,,,,,,,,,,,,,,,,,,,,,,,
,,,,,,,,,,,,,,,,,,,,,,,,,,,,,,,,,,,,,,,,
,,,,,,,,,,,,,,,,,,,,,,,,,,,,,,,,,,,,,,,,
,,,,,,,,,,,,,,,,,,,,,,,,,,,,,,,,,,,,,,,,
